{"loss": [0.16134463250637054], "accuracy": [0.08769132941961288]}